Passenger ID,Destination,ToA,Location
283813,ESGN,2017-10-23T04:19+02:00,ESGE
283960,ESGF,2017-10-25T00:43+02:00,ESGO
283802,ESND,2017-10-25T23:02+02:00,ESMH
283782,ESSM,2017-10-24T19:26+02:00,ESGR
283948,ESNQ,2017-10-25T13:26+02:00,ESMJ
283766,ESSV,2017-10-22T06:14+02:00,ESSN
283871,ESNF,2017-10-24T16:19+02:00,ESKO
283902,ESUD,2017-10-26T15:07+02:00,ESIA
283777,ESNZ,2017-10-26T10:19+02:00,ESMB
283838,ESTT,2017-10-24T18:00+02:00,ESKC
283857,ESSE,2017-10-26T16:33+02:00,ESPE
283913,ESMU,2017-10-26T00:43+02:00,ESFU
283808,ESMI,2017-10-23T09:36+02:00,ESNA
283852,ESFH,2017-10-22T13:40+02:00,ESGA
283789,ESGR,2017-10-22T12:43+02:00,ESMP
283938,ESVG,2017-10-25T19:40+02:00,ESNU
283882,ESGY,2017-10-23T18:28+02:00,ESNV
283784,ESSP,2017-10-26T02:52+02:00,ESNU
283881,ESNS,2017-10-23T13:40+02:00,ESKH
283791,ESGG,2017-10-26T10:19+02:00,ESUB
283887,ESGR,2017-10-23T17:45+02:00,ESUY
283906,ESNH,2017-10-24T19:40+02:00,ESGT
283914,ESGG,2017-10-26T05:31+02:00,ESSF
283786,ESMF,2017-10-22T18:00+02:00,ESUV
283916,ESSA,2017-10-23T10:19+02:00,ESGH
283801,ESUH,2017-10-22T04:48+02:00,ESNH
283836,ESNU,2017-10-23T09:21+02:00,ESMX
283815,ESKM,2017-10-25T06:57+02:00,ESSM
283954,ESKV,2017-10-25T17:16+02:00,ESNB
283780,ESMJ,2017-10-23T11:31+02:00,ESFI
283884,ESVK,2017-10-27T00:00+02:00,ESSV
283930,ESUT,2017-10-22T05:02+02:00,ESNU
283764,ESGK,2017-10-23T18:14+02:00,ESIB
283861,ESMJ,2017-10-22T21:50+02:00,ESMT
283921,ESMI,2017-10-26T19:40+02:00,ESSV
283845,ESMG,2017-10-25T13:26+02:00,ESUO
283792,ESSF,2017-10-22T17:02+02:00,ESFQ
283876,ESKX,2017-10-24T18:28+02:00,ESMB
283909,ESMY,2017-10-26T22:33+02:00,ESKB
283862,ESQP,2017-10-25T12:43+02:00,ESPE
283816,ESKM,2017-10-22T21:36+02:00,ESSH
283962,ESMP,2017-10-22T13:12+02:00,ESGR
283889,ESTL,2017-10-22T16:19+02:00,ESCN
283768,ESNJ,2017-10-23T16:04+02:00,ESOW
283779,ESSC,2017-10-22T15:21+02:00,ESNK
283840,ESSL,2017-10-22T15:36+02:00,ESNC
283885,ESMI,2017-10-26T17:31+02:00,ESKD
283827,ESGD,2017-10-24T05:16+02:00,ESKV
283856,ESUI,2017-10-24T23:31+02:00,ESKB
283863,ESGU,2017-10-25T22:04+02:00,ESNH
283890,ESKS,2017-10-26T22:04+02:00,ESKC
283846,ESSG,2017-10-26T17:02+02:00,ESTF
283812,ESSV,2017-10-23T03:07+02:00,ESVS
283894,ESIB,2017-10-23T07:26+02:00,ESST
283883,ESMI,2017-10-25T14:52+02:00,ESGE
283878,ESKV,2017-10-22T19:26+02:00,ESMF
283829,ESMG,2017-10-24T21:36+02:00,ESOH
283950,ESGV,2017-10-24T15:50+02:00,ESME
283796,ESNF,2017-10-23T20:38+02:00,ESMZ
283957,ESNB,2017-10-25T14:52+02:00,ESNR
283933,ESMV,2017-10-26T18:28+02:00,ESGY
283946,ESGS,2017-10-25T08:38+02:00,ESVH
283785,ESMK,2017-10-26T20:24+02:00,ESNP
283956,ESUR,2017-10-23T07:55+02:00,ESGO
283806,ESUE,2017-10-25T00:14+02:00,ESKA
283944,ESOW,2017-10-23T00:43+02:00,ESVG
283859,ESSI,2017-10-24T00:28+02:00,ESNN
283941,ESFM,2017-10-24T13:12+02:00,ESUP
283891,ESOW,2017-10-23T06:00+02:00,ESKA
283892,ESPG,2017-10-24T01:40+02:00,ESGL
283800,ESUO,2017-10-25T07:55+02:00,ESGN
283898,ESNP,2017-10-24T07:55+02:00,ESSH
283929,ESMH,2017-10-26T00:28+02:00,ESSL
283771,ESNZ,2017-10-22T05:16+02:00,ESNY
283769,ESNI,2017-10-26T00:28+02:00,ESUF
283825,ESSH,2017-10-25T05:31+02:00,ESSX
283837,ESMY,2017-10-26T02:52+02:00,ESMU
283961,ESUY,2017-10-26T21:36+02:00,ESTT
283865,ESMP,2017-10-23T15:21+02:00,ESGE
283918,ESGT,2017-10-22T15:50+02:00,ESKN
283947,ESSH,2017-10-26T17:31+02:00,ESMO
283864,ESCF,2017-10-25T10:04+02:00,ESSF
283936,ESUG,2017-10-22T19:55+02:00,ESSX
283893,ESKM,2017-10-22T03:07+02:00,ESUK
283896,ESPG,2017-10-26T05:16+02:00,ESMH
283888,ESND,2017-10-24T14:38+02:00,ESOW
283820,ESMY,2017-10-26T15:36+02:00,ESGD
283835,ESKX,2017-10-26T13:40+02:00,ESGK
283843,ESMX,2017-10-24T13:55+02:00,ESSI
283823,ESOL,2017-10-23T11:02+02:00,ESVM
283900,ESGF,2017-10-23T04:04+02:00,ESUP
283949,ESCF,2017-10-25T12:28+02:00,ESMI
283866,ESDF,2017-10-25T06:43+02:00,ESNU
283877,ESUD,2017-10-25T09:36+02:00,ESNH
283935,ESKH,2017-10-22T06:43+02:00,ESMJ
283955,ESSU,2017-10-23T21:07+02:00,ESNC
283932,ESUA,2017-10-24T22:33+02:00,ESPA
283781,ESUI,2017-10-25T05:31+02:00,ESGE
283853,ESMU,2017-10-24T21:21+02:00,ESUT
283875,ESMA,2017-10-26T13:55+02:00,ESKG
283945,ESGY,2017-10-26T04:04+02:00,ESMQ
283879,ESMI,2017-10-23T00:43+02:00,ESTO
283942,ESKH,2017-10-26T03:07+02:00,ESGI
283849,ESGH,2017-10-22T02:09+02:00,ESSF
283903,ESSU,2017-10-25T04:19+02:00,ESMY
283951,ESCN,2017-10-24T03:07+02:00,ESSZ
283804,ESPG,2017-10-24T07:40+02:00,ESTL
283834,ESNZ,2017-10-26T17:02+02:00,ESOE
283832,ESSU,2017-10-26T10:33+02:00,ESNN
283805,ESUG,2017-10-26T11:31+02:00,ESSU
283872,ESGR,2017-10-24T06:43+02:00,ESGG
283963,ESGN,2017-10-22T20:09+02:00,ESNC
283788,ESIA,2017-10-26T00:00+02:00,ESVH
283869,ESGH,2017-10-24T09:21+02:00,ESCK
283803,ESSC,2017-10-26T18:28+02:00,ESMU
283952,ESCK,2017-10-24T14:38+02:00,ESSC
283870,ESPE,2017-10-23T06:43+02:00,ESCN
283886,ESNG,2017-10-24T23:02+02:00,ESGV
283855,ESVA,2017-10-25T13:12+02:00,ESOL
283790,ESMP,2017-10-25T04:19+02:00,ESGU
283770,ESVH,2017-10-23T13:26+02:00,ESSI
283787,ESMK,2017-10-26T02:38+02:00,ESUD
283880,ESSW,2017-10-24T12:00+02:00,ESOE
283910,ESUA,2017-10-25T18:00+02:00,ESKA
283783,ESGS,2017-10-24T01:55+02:00,ESGO
283851,ESSA,2017-10-23T07:40+02:00,ESMT
283943,ESPJ,2017-10-24T16:19+02:00,ESSD
283839,ESSG,2017-10-22T17:31+02:00,ESNB
283931,ESMN,2017-10-22T06:28+02:00,ESSI
283917,ESKV,2017-10-24T22:33+02:00,ESUH
283848,ESCN,2017-10-24T22:48+02:00,ESGN
283767,ESQO,2017-10-25T04:04+02:00,ESNZ
283873,ESSH,2017-10-22T22:48+02:00,ESMD
283922,ESUB,2017-10-24T00:28+02:00,ESQP
283867,ESFI,2017-10-25T06:28+02:00,ESKS
283772,ESFY,2017-10-26T12:43+02:00,ESSW
283817,ESTO,2017-10-24T10:04+02:00,ESFR
283774,ESGI,2017-10-23T07:12+02:00,ESGF
283897,ESUO,2017-10-23T02:09+02:00,ESUV
283905,ESSK,2017-10-25T22:19+02:00,ESUE
283868,ESTT,2017-10-25T06:14+02:00,ESOE
283911,ESUV,2017-10-23T04:33+02:00,ESIB
283799,ESUY,2017-10-26T15:21+02:00,ESUG
283927,ESSU,2017-10-26T02:38+02:00,ESND
283854,ESST,2017-10-23T21:07+02:00,ESUY
283826,ESMK,2017-10-26T02:52+02:00,ESSW
283874,ESSL,2017-10-23T01:55+02:00,ESGF
283793,ESFH,2017-10-26T13:26+02:00,ESNM
283934,ESNV,2017-10-22T18:43+02:00,ESGJ
283778,ESNA,2017-10-24T18:43+02:00,ESPG
283860,ESMU,2017-10-25T15:21+02:00,ESME
283776,ESGD,2017-10-23T05:31+02:00,ESMJ
283822,ESMT,2017-10-22T15:50+02:00,ESFY
283908,ESKM,2017-10-25T13:40+02:00,ESNU
283814,ESMN,2017-10-25T17:45+02:00,ESKS
283937,ESVB,2017-10-22T05:16+02:00,ESIA
283926,ESTF,2017-10-24T00:28+02:00,ESGS
283821,ESNO,2017-10-22T09:07+02:00,ESSI
283809,ESMP,2017-10-25T08:52+02:00,ESKT
283915,ESVS,2017-10-23T07:40+02:00,ESGS
283925,ESGK,2017-10-25T01:26+02:00,ESGS
283923,ESGM,2017-10-25T15:21+02:00,ESKB
283901,ESGT,2017-10-24T07:40+02:00,ESKU
283940,ESOH,2017-10-25T15:50+02:00,ESVH
283920,ESGT,2017-10-24T23:31+02:00,ESTO
283895,ESMR,2017-10-25T12:14+02:00,ESKU
283850,ESGH,2017-10-24T02:24+02:00,ESKD
283798,ESFY,2017-10-26T08:38+02:00,ESSB
283807,ESMO,2017-10-25T13:26+02:00,ESUE
283939,ESGM,2017-10-23T00:14+02:00,ESMN
283824,ESVG,2017-10-22T17:02+02:00,ESSE
283958,ESMR,2017-10-24T22:33+02:00,ESFY
283775,ESGD,2017-10-22T06:43+02:00,ESNC
283797,ESFM,2017-10-22T08:52+02:00,ESGL
283811,ESTL,2017-10-24T00:14+02:00,ESUL
283833,ESGN,2017-10-24T23:02+02:00,ESSZ
283841,ESSU,2017-10-22T19:40+02:00,ESKH
283912,ESUO,2017-10-22T19:40+02:00,ESUK
283773,ESUE,2017-10-26T03:50+02:00,ESND
283794,ESNY,2017-10-26T16:19+02:00,ESKK
283959,ESTL,2017-10-26T12:14+02:00,ESUI
283928,ESUB,2017-10-23T07:12+02:00,ESFJ
283847,ESNN,2017-10-25T11:02+02:00,ESVS
283819,ESNJ,2017-10-23T18:43+02:00,ESUK
283810,ESGU,2017-10-23T10:33+02:00,ESNX
283830,ESUH,2017-10-23T09:36+02:00,ESNI
283818,ESUD,2017-10-25T21:07+02:00,ESGT
283795,ESMY,2017-10-24T05:45+02:00,ESDF
283831,ESSA,2017-10-24T23:16+02:00,ESUM
283919,ESKK,2017-10-24T13:40+02:00,ESUO
283904,ESMW,2017-10-23T21:50+02:00,ESNU
283828,ESVH,2017-10-25T14:24+02:00,ESMP
283858,ESFQ,2017-10-25T05:45+02:00,ESMA
283924,ESGD,2017-10-25T19:26+02:00,ESSN
283953,ESKC,2017-10-25T08:09+02:00,ESUE
283842,ESUS,2017-10-27T00:00+02:00,ESNL
283765,ESGM,2017-10-24T14:38+02:00,ESNK
283844,ESMD,2017-10-24T01:26+02:00,ESGS
283907,ESUY,2017-10-22T18:14+02:00,ESGK
283899,ESNU,2017-10-25T14:09+02:00,ESNF
